-- See https://www.convertjson.com/json-to-sql.htm

-- Site
INSERT INTO Site(id,name,address,city,state,zipcode) VALUES (1,'Measurabl HQ','707 Broadway Suite 1000','San Diego','CA',92101);
INSERT INTO Site(id,name,address,city,state,zipcode) VALUES (2,'Arclight','4425 La Jolla Village Dr','San Diego','CA',92122);
INSERT INTO Site(id,name,address,city,state,zipcode) VALUES (3,'TGI Fridays','743 Fifth Ave','San Diego','CA',92101);
INSERT INTO Site(id,name,address,city,state,zipcode) VALUES (4,'Tavern+Bowl East Village','930 Market St','San Diego','CA',92101);
INSERT INTO Site(id,name,address,city,state,zipcode) VALUES (5,'Bellagio','3600 S Las Vegas Blvd','Las Vegas','NV',89109);
INSERT INTO Site(id,name,address,city,state,zipcode) VALUES (6,'Petco Park','100 Park Blvd','San Diego','CA',92101);

-- UseType
INSERT INTO UseType(id,name) VALUES (1,'Banking/Financial Services');
INSERT INTO UseType(id,name) VALUES (2,'Bank Branch');
INSERT INTO UseType(id,name) VALUES (3,'Other - Banking/Financial Services');
INSERT INTO UseType(id,name) VALUES (4,'Data Center');
INSERT INTO UseType(id,name) VALUES (5,'Education');
INSERT INTO UseType(id,name) VALUES (6,'Adult Education');
INSERT INTO UseType(id,name) VALUES (7,'College/University');
INSERT INTO UseType(id,name) VALUES (8,'K-12 School');
INSERT INTO UseType(id,name) VALUES (9,'Pre-school/Daycare');
INSERT INTO UseType(id,name) VALUES (10,'Vocational School');
INSERT INTO UseType(id,name) VALUES (11,'Other - Education');
INSERT INTO UseType(id,name) VALUES (12,'Food Sales & Service');
INSERT INTO UseType(id,name) VALUES (13,'Cafeteria');
INSERT INTO UseType(id,name) VALUES (14,'Food Sales');
INSERT INTO UseType(id,name) VALUES (15,'Food Service');
INSERT INTO UseType(id,name) VALUES (16,'Restaurant/Bar');
INSERT INTO UseType(id,name) VALUES (17,'Fast Food Restaurant');
INSERT INTO UseType(id,name) VALUES (18,'Restaurant');
INSERT INTO UseType(id,name) VALUES (19,'Other - Restaurant/Bar');
INSERT INTO UseType(id,name) VALUES (20,'Supermarket/Grocery Store');
INSERT INTO UseType(id,name) VALUES (21,'Wholesale Club/Supercenter');
INSERT INTO UseType(id,name) VALUES (22,'Other - Food Sales & Service');
INSERT INTO UseType(id,name) VALUES (23,'Healthcare');
INSERT INTO UseType(id,name) VALUES (24,'Ambulatory Surgical Center');
INSERT INTO UseType(id,name) VALUES (25,'Hospital');
INSERT INTO UseType(id,name) VALUES (26,'General Medical & Surgical Hospital');
INSERT INTO UseType(id,name) VALUES (27,'Other - Specialty Hospital');
INSERT INTO UseType(id,name) VALUES (28,'Outpatient Rehabilitation/Physical Therapy');
INSERT INTO UseType(id,name) VALUES (29,'Urgent Care/Clinic/Other Outpatient');
INSERT INTO UseType(id,name) VALUES (30,'Other - Healthcare');
INSERT INTO UseType(id,name) VALUES (31,'Hotel');
INSERT INTO UseType(id,name) VALUES (32,'Laboratory');
INSERT INTO UseType(id,name) VALUES (33,'Leisure');
INSERT INTO UseType(id,name) VALUES (34,'Aquarium');
INSERT INTO UseType(id,name) VALUES (35,'Bar/Nightclub');
INSERT INTO UseType(id,name) VALUES (36,'Bowling Alley');
INSERT INTO UseType(id,name) VALUES (37,'Casino');
INSERT INTO UseType(id,name) VALUES (38,'Fitness Center/Health Club/Gym');
INSERT INTO UseType(id,name) VALUES (39,'Ice/Curling Rink');
INSERT INTO UseType(id,name) VALUES (40,'Movie Theater');
INSERT INTO UseType(id,name) VALUES (41,'Museum');
INSERT INTO UseType(id,name) VALUES (42,'Performing Arts');
INSERT INTO UseType(id,name) VALUES (43,'Roller Rink');
INSERT INTO UseType(id,name) VALUES (44,'Stadium');
INSERT INTO UseType(id,name) VALUES (45,'Closed Stadium');
INSERT INTO UseType(id,name) VALUES (46,'Indoor Arena');
INSERT INTO UseType(id,name) VALUES (47,'Open Stadium');
INSERT INTO UseType(id,name) VALUES (48,'Race Track');
INSERT INTO UseType(id,name) VALUES (49,'Other - Stadium');
INSERT INTO UseType(id,name) VALUES (50,'Swimming Pool');
INSERT INTO UseType(id,name) VALUES (51,'Zoo');
INSERT INTO UseType(id,name) VALUES (52,'Other - Leisure');
INSERT INTO UseType(id,name) VALUES (53,'Manufacturing/Industrial Plant');
INSERT INTO UseType(id,name) VALUES (54,'Office');
INSERT INTO UseType(id,name) VALUES (55,'Financial Office');
INSERT INTO UseType(id,name) VALUES (56,'Medical Office');
INSERT INTO UseType(id,name) VALUES (57,'Office');
INSERT INTO UseType(id,name) VALUES (58,'Veterinary Office');
INSERT INTO UseType(id,name) VALUES (59,'Other - Office');
INSERT INTO UseType(id,name) VALUES (60,'Indoor Parking');
INSERT INTO UseType(id,name) VALUES (61,'Public Assembly');
INSERT INTO UseType(id,name) VALUES (62,'Convention Center');
INSERT INTO UseType(id,name) VALUES (63,'Social/Meeting Hall');
INSERT INTO UseType(id,name) VALUES (64,'Other - Public Assembly');
INSERT INTO UseType(id,name) VALUES (65,'Public Services');
INSERT INTO UseType(id,name) VALUES (66,'Airport');
INSERT INTO UseType(id,name) VALUES (67,'Courthouse');
INSERT INTO UseType(id,name) VALUES (68,'Fire Station');
INSERT INTO UseType(id,name) VALUES (69,'Library');
INSERT INTO UseType(id,name) VALUES (70,'Mailing Center/Post Office');
INSERT INTO UseType(id,name) VALUES (71,'Police Station');
INSERT INTO UseType(id,name) VALUES (72,'Transportation Terminal/Station');
INSERT INTO UseType(id,name) VALUES (73,'Other - Public Services');
INSERT INTO UseType(id,name) VALUES (74,'Religious Worship Facility');
INSERT INTO UseType(id,name) VALUES (75,'Residential');
INSERT INTO UseType(id,name) VALUES (76,'Barracks');
INSERT INTO UseType(id,name) VALUES (77,'Multifamily Housing');
INSERT INTO UseType(id,name) VALUES (78,'1-4 stories - Multifamily Low-rise');
INSERT INTO UseType(id,name) VALUES (79,'5-10 stories - Multifamily Mid-rise');
INSERT INTO UseType(id,name) VALUES (80,'10+ stories - Multifamily High-rise');
INSERT INTO UseType(id,name) VALUES (81,'Other - Multifamily');
INSERT INTO UseType(id,name) VALUES (82,'Prison/Incarceration');
INSERT INTO UseType(id,name) VALUES (83,'Residential Care Facility');
INSERT INTO UseType(id,name) VALUES (84,'Residence Hall/Dormitory');
INSERT INTO UseType(id,name) VALUES (85,'Senior Care Community');
INSERT INTO UseType(id,name) VALUES (86,'Single Family Home');
INSERT INTO UseType(id,name) VALUES (87,'Other - Residential');
INSERT INTO UseType(id,name) VALUES (88,'Retail');
INSERT INTO UseType(id,name) VALUES (89,'Automobile Dealership');
INSERT INTO UseType(id,name) VALUES (90,'Convenience Store');
INSERT INTO UseType(id,name) VALUES (91,'Convenience Store with Gas Station');
INSERT INTO UseType(id,name) VALUES (92,'Convenience Store without Gas Station');
INSERT INTO UseType(id,name) VALUES (93,'Mall');
INSERT INTO UseType(id,name) VALUES (94,'Enclosed Mall');
INSERT INTO UseType(id,name) VALUES (95,'Lifestyle Center');
INSERT INTO UseType(id,name) VALUES (96,'Strip Mall');
INSERT INTO UseType(id,name) VALUES (97,'Other - Mall');
INSERT INTO UseType(id,name) VALUES (98,'Retail Store');
INSERT INTO UseType(id,name) VALUES (99,'Other - Retail');
INSERT INTO UseType(id,name) VALUES (100,'Utility');
INSERT INTO UseType(id,name) VALUES (101,'Drinking Water Treatment & Distribution');
INSERT INTO UseType(id,name) VALUES (102,'Energy/Power Station');
INSERT INTO UseType(id,name) VALUES (103,'Wastewater Treatment Plant');
INSERT INTO UseType(id,name) VALUES (104,'Other - Utility');
INSERT INTO UseType(id,name) VALUES (105,'Warehouse/Storage');
INSERT INTO UseType(id,name) VALUES (106,'Self-Storage Facility');
INSERT INTO UseType(id,name) VALUES (107,'Warehouse/Distribution Center');
INSERT INTO UseType(id,name) VALUES (108,'Distribution Center');
INSERT INTO UseType(id,name) VALUES (109,'Non-Refrigerated Warehouse');
INSERT INTO UseType(id,name) VALUES (110,'Refrigerated Warehouse');
INSERT INTO UseType(id,name) VALUES (111,'Other - Warehouse/Storage');
INSERT INTO UseType(id,name) VALUES (112,'Other');

-- SiteUse
INSERT INTO SiteUse(description,id,site_id,size_sqft,use_type_id) VALUES ('MSR Office - Suite 1',1,1,3000,54);
INSERT INTO SiteUse(description,id,site_id,size_sqft,use_type_id) VALUES ('MSR Office - Suite 2',2,1,3000,54);
INSERT INTO SiteUse(description,id,site_id,size_sqft,use_type_id) VALUES ('MSR Office - Suite 3',3,1,3000,54);
INSERT INTO SiteUse(description,id,site_id,size_sqft,use_type_id) VALUES ('MSR Data Center',4,1,4000,4);
INSERT INTO SiteUse(description,id,site_id,size_sqft,use_type_id) VALUES ('Theaters',5,2,50000,40);
INSERT INTO SiteUse(description,id,site_id,size_sqft,use_type_id) VALUES ('Watering Hole',6,2,15000,16);
INSERT INTO SiteUse(description,id,site_id,size_sqft,use_type_id) VALUES ('TGI Fridays',7,3,35000,16);
INSERT INTO SiteUse(description,id,site_id,size_sqft,use_type_id) VALUES ('Bowling',8,4,20000,36);
INSERT INTO SiteUse(description,id,site_id,size_sqft,use_type_id) VALUES ('Tavern',9,4,10000,16);
INSERT INTO SiteUse(description,id,site_id,size_sqft,use_type_id) VALUES ('Gaming',10,5,1000000,37);
INSERT INTO SiteUse(description,id,site_id,size_sqft,use_type_id) VALUES ('Unce Unce',11,5,50000,35);
INSERT INTO SiteUse(description,id,site_id,size_sqft,use_type_id) VALUES ('Ball Park',12,6,560000,47);